Rating_ID|order_id|Overall_Rating|Driver_Ratings|Restaurant_Ratings|Additional_Comments
1|1|3|4|5|porttitor
2|2|4|1|5|sapien, cursus in, hendrerit consectetuer,
3|3|3|5|2|neque sed sem egestas
4|4|5|3|4|ac sem ut
5|5|3|3|2|eget mollis
6|6|2|4|1|natoque penatibus
7|7|3|1|1|neque. Nullam
8|8|4|3|5|natoque penatibus et
9|9|2|2|1|netus et malesuada fames ac turpis egestas. Aliquam fringilla cursus
10|10|5|3|5|lectus
11|11|2|3|1|luctus et ultrices posuere cubilia Curae; Phasellus ornare. Fusce
12|12|3|1|5|imperdiet nec, leo. Morbi neque tellus, imperdiet non, vestibulum
13|13|3|1|4|cursus
14|14|1|5|3|eros turpis non enim.
15|15|4|5|1|Aliquam ultrices iaculis
16|16|2|3|1|Nulla facilisi.
17|17|4|2|3|lorem, luctus ut,
18|18|1|3|2|sodales nisi
19|19|5|4|5|ullamcorper magna. Sed eu eros.
20|20|5|3|2|adipiscing elit. Curabitur sed tortor. Integer aliquam adipiscing lacus.
21|21|4|4|2|justo faucibus lectus, a sollicitudin orci sem eget
22|22|2|3|2|arcu ac orci. Ut semper pretium neque. Morbi quis
23|23|5|4|2|Aliquam nisl.
24|24|4|5|2|et libero. Proin mi. Aliquam gravida mauris ut
25|25|3|2|1|Phasellus
26|26|5|4|3|vitae semper
27|27|3|5|5|dui
28|28|1|4|5|sed libero. Proin sed turpis nec mauris blandit
29|29|1|1|4|fringilla euismod enim. Etiam gravida molestie arcu. Sed eu nibh
30|30|5|5|2|tincidunt tempus risus. Donec egestas. Duis ac arcu. Nunc
31|31|3|2|2|molestie in, tempus eu, ligula.
32|32|2|3|1|magna.
33|33|1|3|2|sapien imperdiet ornare. In faucibus. Morbi vehicula.
34|34|3|1|5|facilisis. Suspendisse commodo tincidunt nibh. Phasellus nulla. Integer vulputate, risus
35|35|2|3|1|In
36|36|3|3|1|habitant morbi tristique senectus et
37|37|5|5|3|malesuada vel, convallis in, cursus et, eros. Proin
38|38|3|5|2|felis. Donec tempor, est ac mattis semper,
39|39|3|1|4|nostra, per inceptos hymenaeos. Mauris ut quam vel
40|40|2|3|3|nisi. Cum sociis natoque penatibus et magnis
41|41|4|1|4|molestie arcu. Sed eu nibh vulputate mauris sagittis
42|42|5|1|4|cursus purus. Nullam scelerisque neque sed
43|43|3|1|2|egestas rhoncus. Proin nisl sem, consequat nec,
44|44|2|1|1|Nunc mauris
45|45|2|2|1|Nulla dignissim. Maecenas ornare egestas ligula. Nullam feugiat
46|46|5|5|2|mollis
47|47|2|3|5|ac nulla. In tincidunt congue turpis. In condimentum. Donec
48|48|5|1|4|erat
49|49|1|1|4|mollis lectus pede et risus.
50|50|2|1|2|purus. Maecenas libero est, congue a,
51|51|4|3|1|mollis
52|52|5|1|5|dolor. Nulla semper tellus id nunc interdum feugiat. Sed nec
53|53|2|1|2|in consequat enim diam vel arcu. Curabitur
54|54|1|2|4|cursus et, eros. Proin ultrices. Duis volutpat nunc sit amet
55|55|3|4|3|libero
56|56|3|1|5|Donec dignissim magna a tortor. Nunc commodo auctor velit.
57|57|1|2|1|Mauris vel turpis. Aliquam adipiscing
58|58|3|3|5|quis lectus. Nullam suscipit, est ac facilisis facilisis, magna
59|59|4|4|3|imperdiet non, vestibulum
60|60|5|1|2|vel,
61|61|2|2|5|Cras convallis convallis
62|62|1|3|5|nec, diam. Duis mi enim, condimentum eget, volutpat ornare, facilisis
63|63|1|5|1|nec, mollis vitae, posuere at, velit. Cras lorem lorem,
64|64|1|2|3|dolor dapibus gravida. Aliquam tincidunt,
65|65|1|1|1|arcu imperdiet ullamcorper. Duis at
66|66|4|2|4|auctor
67|67|3|2|2|aliquam adipiscing lacus. Ut nec urna et arcu imperdiet
68|68|3|2|4|accumsan sed, facilisis vitae, orci. Phasellus dapibus
69|69|5|4|4|nascetur ridiculus mus.
70|70|1|1|2|Suspendisse ac metus vitae velit egestas lacinia. Sed congue,
71|71|3|4|2|lectus ante dictum mi, ac mattis velit justo nec ante.
72|72|5|3|1|Integer vulputate, risus a ultricies adipiscing,
73|73|3|3|5|non lorem vitae odio sagittis semper. Nam tempor diam
74|74|2|2|2|nec enim.
75|75|4|4|5|sodales purus, in molestie tortor
76|76|4|1|4|massa non ante bibendum ullamcorper. Duis
77|77|2|5|3|Proin dolor. Nulla semper tellus id nunc interdum
78|78|5|3|2|pretium aliquet, metus
79|79|5|1|5|auctor odio a
80|80|1|1|4|molestie orci tincidunt
81|81|1|4|4|nisl. Maecenas malesuada fringilla est. Mauris eu turpis. Nulla aliquet.
82|82|1|2|5|sem semper
83|83|1|4|4|Phasellus vitae mauris sit amet lorem semper auctor. Mauris
84|84|1|2|1|posuere vulputate, lacus. Cras interdum.
85|85|2|2|1|Nam interdum enim non nisi. Aenean eget
86|86|3|3|2|mauris erat eget ipsum.
87|87|4|3|2|elit, pretium et, rutrum non, hendrerit id,
88|88|1|3|4|eget laoreet posuere, enim
89|89|4|4|1|aliquet. Proin velit. Sed malesuada augue
90|90|5|1|5|malesuada fames ac turpis
91|91|2|5|1|elit, dictum eu, eleifend nec,
92|92|3|5|2|libero est, congue a, aliquet vel, vulputate eu, odio.
93|93|3|4|4|Nunc sed orci lobortis augue scelerisque mollis.
94|94|2|4|2|nisl sem, consequat nec, mollis vitae, posuere at, velit. Cras
95|95|3|1|1|iaculis odio. Nam interdum enim non nisi. Aenean eget metus.
96|96|3|4|3|tellus lorem eu metus. In lorem. Donec elementum,
97|97|5|4|3|Nullam suscipit, est ac
98|98|4|2|4|tellus sem mollis dui, in sodales elit
99|99|2|5|4|Cras eu tellus eu augue porttitor interdum.
100|100|5|3|5|cursus vestibulum. Mauris magna. Duis dignissim tempor arcu.